first_name,last_name,language,email
Lilyan,Morrad,Montenegrin,lmorrad0@nationalgeographic.com
Wayland,Conquest,Khmer,wconquest1@wp.com
Goddart,Kenewell,Tajik,gkenewell2@usatoday.com
Rosita,Bows,Māori,rbows3@tripod.com
Dorella,McNeil,Indonesian,dmcneil4@nih.gov
Melissa,Glassford,Portuguese,mglassford5@timesonline.co.uk
Hewie,Loyns,Thai,hloyns6@home.pl
Louise,Dumphreys,Catalan,ldumphreys7@tiny.cc
Siusan,Bellchamber,Arabic,sbellchamber8@irs.gov
Junia,Brandacci,Luxembourgish,jbrandacci9@networkadvertising.org
Kalvin,Jiggens,Kannada,kjiggensa@tripadvisor.com
Errol,Tinmouth,Swati,etinmouthb@flickr.com
Piotr,Denkel,Tamil,pdenkelc@yale.edu
Buck,Greenhough,Bosnian,bgreenhoughd@businesswire.com
Tonia,Banane,New Zealand Sign Language,tbananee@angelfire.com
Jacintha,Genty,Burmese,jgentyf@europa.eu
Isadora,Baleine,Albanian,ibaleineg@opensource.org
Gloriana,MacFaul,Swati,gmacfaulh@weebly.com
Lazar,Gunn,Northern Sotho,lgunni@reuters.com
Romona,Choppen,Marathi,rchoppenj@hibu.com
Orren,Purrier,Māori,opurrierk@networkadvertising.org
Marion,Cruickshank,Swahili,mcruickshankl@ox.ac.uk
Berenice,Naerup,Macedonian,bnaerupm@blinklist.com
Georges,Cannicott,Hungarian,gcannicottn@google.de
Curry,Kaasmann,Thai,ckaasmanno@t-online.de
Alfy,Exton,Gagauz,aextonp@shinystat.com
Bradley,Fitton,Assamese,bfittonq@biblegateway.com
Donnell,Riley,Kurdish,drileyr@freewebs.com
Lezlie,Westfalen,Japanese,lwestfalens@wufoo.com
Hallie,Joannidi,Luxembourgish,hjoannidit@topsy.com
Averyl,Joutapaitis,Kashmiri,ajoutapaitisu@desdev.cn
Stacee,O'Doogan,New Zealand Sign Language,sodooganv@prlog.org
Ambros,Geeritz,Tsonga,ageeritzw@npr.org
Cristiano,Nowill,Spanish,cnowillx@weebly.com
Reinold,Haitlie,Czech,rhaitliey@harvard.edu
Halimeda,Martinovic,New Zealand Sign Language,hmartinovicz@gizmodo.com
Collete,Episcopi,West Frisian,cepiscopi10@usatoday.com
Manon,Toretta,Sotho,mtoretta11@oaic.gov.au
Bartlet,Dumbrall,Sotho,bdumbrall12@tripod.com
Padraig,MacCawley,Spanish,pmaccawley13@go.com
Torre,Lyst,Assamese,tlyst14@pagesperso-orange.fr
Neel,August,Afrikaans,naugust15@nsw.gov.au
Mata,Lightwood,Estonian,mlightwood16@disqus.com
Lia,Portchmouth,Afrikaans,lportchmouth17@miitbeian.gov.cn
Ibrahim,Wythill,Sotho,iwythill18@barnesandnoble.com
Stefania,Beynkn,Estonian,sbeynkn19@ftc.gov
Tybi,Hector,Macedonian,thector1a@ed.gov
Sherwin,Welbelove,Norwegian,swelbelove1b@ed.gov
Ag,Rosenschein,Gujarati,arosenschein1c@reference.com
Paddie,Askew,Khmer,paskew1d@ucsd.edu
Wilhelmine,Peasgood,Tswana,wpeasgood1e@paypal.com
Dorthea,Crevagh,Kyrgyz,dcrevagh1f@oaic.gov.au
Shani,Fitchell,Bislama,sfitchell1g@newsvine.com
Constantine,Sudy,Macedonian,csudy1h@photobucket.com
Sidnee,Roskams,Kannada,sroskams1i@springer.com
Jena,Haglinton,Romanian,jhaglinton1j@eepurl.com
Woodman,Ghost,Kyrgyz,wghost1k@alibaba.com
Willyt,Maruszewski,Fijian,wmaruszewski1l@accuweather.com
Lonnie,Turgoose,Icelandic,lturgoose1m@ucoz.com
Ceil,Pallent,Croatian,cpallent1n@netscape.com
Reinald,Giamo,Malagasy,rgiamo1o@google.nl
Reyna,Redpath,Tok Pisin,rredpath1p@scribd.com
Rena,Grebert,Kannada,rgrebert1q@state.tx.us
Arney,Haugeh,Somali,ahaugeh1r@ebay.com
Ines,Stabbins,Portuguese,istabbins1s@eepurl.com
Valaree,Stiling,Tajik,vstiling1t@yellowpages.com
Bryn,Shawl,Gagauz,bshawl1u@facebook.com
Anderson,Mushett,Somali,amushett1v@altervista.org
Jaye,Handasyde,Somali,jhandasyde1w@dot.gov
Jervis,MacAvddy,Telugu,jmacavddy1x@ning.com
Earl,Adlington,Spanish,eadlington1y@reference.com
Baird,Cardenoso,Romanian,bcardenoso1z@dailymotion.com
Pauletta,Dring,Czech,pdring20@comcast.net
Mattie,Dalgardno,English,mdalgardno21@webnode.com
Merrick,Beuscher,Afrikaans,mbeuscher22@hibu.com
Ilka,Palffy,Kazakh,ipalffy23@theglobeandmail.com
Deni,Squibbes,Gujarati,dsquibbes24@weibo.com
Gene,Dundon,Malayalam,gdundon25@xrea.com
Svend,Clewett,Catalan,sclewett26@rediff.com
Ellyn,Domerq,Haitian Creole,edomerq27@economist.com
Hew,Spong,Indonesian,hspong28@stanford.edu
Noelani,Barti,Mongolian,nbarti29@hostgator.com
Windham,Barendtsen,Haitian Creole,wbarendtsen2a@nationalgeographic.com
Leland,Newgrosh,Telugu,lnewgrosh2b@bbb.org
Dag,Sibun,Aymara,dsibun2c@wufoo.com
Anna,Alvin,Albanian,aalvin2d@hugedomains.com
Dmitri,Tredgold,Armenian,dtredgold2e@microsoft.com
Donavon,Madgwich,Tsonga,dmadgwich2f@fotki.com
Manuel,Croley,Maltese,mcroley2g@zdnet.com
Haskel,Vasichev,Indonesian,hvasichev2h@ezinearticles.com
Eduard,Biggam,Dari,ebiggam2i@wikipedia.org
Cicely,Gager,Mongolian,cgager2j@jugem.jp
Sharron,Rookesby,Maltese,srookesby2k@google.co.jp
Leonidas,Double,Latvian,ldouble2l@google.ca
Debi,Ivanilov,Montenegrin,divanilov2m@cnbc.com
Ham,Spink,Tajik,hspink2n@cbsnews.com
Casi,Westnedge,Swahili,cwestnedge2o@slashdot.org
Raleigh,Czyz,Lithuanian,rczyz2p@merriam-webster.com
Aidan,Burleigh,Maltese,aburleigh2q@newyorker.com
Adoree,Truelove,Yiddish,atruelove2r@nasa.gov
Bernetta,Linacre,Kashmiri,blinacre2s@creativecommons.org
Far,Atthowe,Gujarati,fatthowe2t@vk.com
Elbertina,Larcombe,Spanish,elarcombe2u@accuweather.com
Bary,Helmke,Haitian Creole,bhelmke2v@utexas.edu
Davis,Hanbury,Ndebele,dhanbury2w@opera.com
Brunhilda,Sussams,Dhivehi,bsussams2x@i2i.jp
Adolphus,Kynman,Tajik,akynman2y@netscape.com
Aubry,Rudledge,Bosnian,arudledge2z@cyberchimps.com
Goldy,Sambiedge,Northern Sotho,gsambiedge30@latimes.com
Zita,Jerosch,Swahili,zjerosch31@wordpress.com
Pooh,Medlen,Maltese,pmedlen32@tinyurl.com
Zebulen,Baynes,Latvian,zbaynes33@flickr.com
Kele,Dawbery,Bengali,kdawbery34@unicef.org
Mabel,Pawson,Polish,mpawson35@ustream.tv
Fredek,Nellies,Bengali,fnellies36@google.co.jp
Kippy,Warrilow,Dutch,kwarrilow37@dailymotion.com
Junia,Francescone,Telugu,jfrancescone38@hugedomains.com
Selene,Satch,Dzongkha,ssatch39@biblegateway.com
Durante,Foakes,Malay,dfoakes3a@go.com
Sonnie,Baumaier,Khmer,sbaumaier3b@joomla.org
Gradeigh,Lake,Pashto,glake3c@pbs.org
Paton,Thies,Latvian,pthies3d@telegraph.co.uk
Modesta,Ullyott,German,mullyott3e@about.com
Stan,Graysmark,Macedonian,sgraysmark3f@i2i.jp
Pammie,Grinley,Gagauz,pgrinley3g@histats.com
Mauricio,Grayson,Bosnian,mgrayson3h@nbcnews.com
Clarette,Flemming,Zulu,cflemming3i@tinypic.com
Addie,Daldan,Bulgarian,adaldan3j@wsj.com
Anetta,MacHoste,Nepali,amachoste3k@google.ru
Konstantine,Bosden,Fijian,kbosden3l@cbslocal.com
Levy,Fenech,Amharic,lfenech3m@google.com.hk
Cindi,Hayball,Catalan,chayball3n@com.com
Cheston,Wagstaff,Swati,cwagstaff3o@clickbank.net
Juan,Whebell,Greek,jwhebell3p@elegantthemes.com
Barnard,Withringten,Mongolian,bwithringten3q@123-reg.co.uk
Regina,Macrae,Punjabi,rmacrae3r@ft.com
Vera,Pellant,Italian,vpellant3s@harvard.edu
Layton,Pullinger,Malay,lpullinger3t@cafepress.com
Abie,Ballston,Tamil,aballston3u@miibeian.gov.cn
Jed,Casebourne,Sotho,jcasebourne3v@histats.com
Constanta,Bottlestone,Norwegian,cbottlestone3w@deliciousdays.com
Ronnie,Stiant,Assamese,rstiant3x@godaddy.com
Mirabel,Guerrero,Hebrew,mguerrero3y@wiley.com
Martelle,Gaspard,Malagasy,mgaspard3z@ted.com
Garrard,Letchford,Japanese,gletchford40@jalbum.net
Elisabet,Dello,Malayalam,edello41@1und1.de
Star,Dufall,Māori,sdufall42@wisc.edu
Nedi,Everit,Swedish,neverit43@tamu.edu
Rosamond,Sharer,Hebrew,rsharer44@irs.gov
Dredi,Conniam,Latvian,dconniam45@fastcompany.com
Annamaria,Lawee,Armenian,alawee46@ftc.gov
Arabel,Oughtright,Afrikaans,aoughtright47@reddit.com
Cross,Ventum,Moldovan,cventum48@php.net
Wait,Gothrup,Dutch,wgothrup49@wisc.edu
Michaela,Sawkin,Guaraní,msawkin4a@digg.com
Lila,Whistlecraft,Māori,lwhistlecraft4b@chron.com
Somerset,Saich,Ndebele,ssaich4c@bandcamp.com
Jeramie,Stilgo,Nepali,jstilgo4d@bloglovin.com
Derk,De la Yglesias,Kurdish,ddelayglesias4e@addthis.com
Joly,Tortice,Spanish,jtortice4f@dailymotion.com
Alex,Brandts,Finnish,abrandts4g@fema.gov
Kristoffer,Glowacz,Lithuanian,kglowacz4h@forbes.com
Grace,Splevins,Arabic,gsplevins4i@soundcloud.com
Brannon,Skate,Japanese,bskate4j@foxnews.com
Vassily,Bruyet,Belarusian,vbruyet4k@ebay.co.uk
Melesa,Emes,Malay,memes4l@seattletimes.com
Antonia,Cunio,Aymara,acunio4m@latimes.com
Tad,Mabbe,Norwegian,tmabbe4n@opera.com
Alina,Elstow,Bengali,aelstow4o@etsy.com
Val,Delany,Hindi,vdelany4p@blogspot.com
Drusy,Fairlem,Italian,dfairlem4q@amazon.co.uk
Aili,Aleksidze,Kurdish,aaleksidze4r@sourceforge.net
Horatia,Delmonti,Aymara,hdelmonti4s@shop-pro.jp
Rand,Flanne,Quechua,rflanne4t@t-online.de
Gerhard,Bearcock,Pashto,gbearcock4u@sitemeter.com
Gretta,Charpin,Mongolian,gcharpin4v@cyberchimps.com
Brnaby,Oldacres,Czech,boldacres4w@chicagotribune.com
Danell,Ranshaw,Norwegian,dranshaw4x@amazon.co.uk
Sherman,Rangall,Kannada,srangall4y@google.it
Hinze,Crowson,Afrikaans,hcrowson4z@independent.co.uk
Trista,Longmore,Spanish,tlongmore50@tinypic.com
Lynette,Caseri,Malay,lcaseri51@paginegialle.it
Archer,Norman,Greek,anorman52@sciencedirect.com
Kaiser,Philps,Finnish,kphilps53@blogtalkradio.com
Wes,Tommasuzzi,Kyrgyz,wtommasuzzi54@samsung.com
Iorgos,Tapin,Latvian,itapin55@jimdo.com
Pearla,Bernardez,Mongolian,pbernardez56@flickr.com
Giordano,Edmott,Tok Pisin,gedmott57@cdc.gov
Janel,Dog,Marathi,jdog58@dailymotion.com
Gaven,Claque,Malayalam,gclaque59@skyrock.com
Chev,Parradine,Romanian,cparradine5a@smugmug.com
Robin,McDonough,Portuguese,rmcdonough5b@earthlink.net
Consuelo,Linney,Korean,clinney5c@cbc.ca
Mayor,Castagna,Hungarian,mcastagna5d@ucsd.edu
Clem,Lowther,Nepali,clowther5e@goo.gl
Kessiah,Merriman,Armenian,kmerriman5f@berkeley.edu
Waylan,Olivelli,Zulu,wolivelli5g@yelp.com
Rutherford,Paddie,Luxembourgish,rpaddie5h@deliciousdays.com
Gustie,Danielovitch,Belarusian,gdanielovitch5i@sogou.com
Joline,Knevet,Malayalam,jknevet5j@php.net
Courtenay,Hutchins,Lao,chutchins5k@dell.com
Natalee,Borris,Persian,nborris5l@blogs.com
Jamison,Leith,Arabic,jleith5m@lycos.com
Codi,Tersay,Bengali,ctersay5n@mit.edu
Nina,Broadley,Tetum,nbroadley5o@deliciousdays.com
Jaimie,Smullin,Burmese,jsmullin5p@parallels.com
Pete,McIlhone,Romanian,pmcilhone5q@qq.com
Cleopatra,Gokes,Kashmiri,cgokes5r@sitemeter.com
Christoph,Schruurs,Sotho,cschruurs5s@oaic.gov.au
Vilma,Wakenshaw,Belarusian,vwakenshaw5t@noaa.gov
Julita,Gaudin,Indonesian,jgaudin5u@nytimes.com
Randall,Risebarer,Tsonga,rrisebarer5v@salon.com
Alene,Grunnell,West Frisian,agrunnell5w@4shared.com
Fonz,Rozec,Icelandic,frozec5x@twitpic.com
Gennie,Haffner,Bislama,ghaffner5y@wikia.com
Kacey,Jerrolt,Fijian,kjerrolt5z@blinklist.com
Jethro,Molnar,Spanish,jmolnar60@networksolutions.com
Dorian,Tchaikovsky,Kazakh,dtchaikovsky61@amazon.com
Catha,Cisson,Quechua,ccisson62@salon.com
Beverly,Earles,Moldovan,bearles63@seattletimes.com
Bond,Slyman,Papiamento,bslyman64@so-net.ne.jp
Ilyse,Eastlake,Hindi,ieastlake65@google.com
Nissa,Gingold,Dhivehi,ngingold66@mlb.com
Allister,Camp,Quechua,acamp67@moonfruit.com
Brita,Antao,Montenegrin,bantao68@msn.com
Whit,Stearndale,Azeri,wstearndale69@wsj.com
Cyb,Fahy,Luxembourgish,cfahy6a@businessinsider.com
Abel,Crumly,Finnish,acrumly6b@hc360.com
Iggy,Decaze,Bengali,idecaze6c@sogou.com
Martguerita,Benns,Lithuanian,mbenns6d@seesaa.net
Chariot,Prewer,Yiddish,cprewer6e@dailymail.co.uk
Pen,Feldklein,Papiamento,pfeldklein6f@about.me
Ahmad,Stocking,Dzongkha,astocking6g@jigsy.com
Rosalinda,Cicculi,Armenian,rcicculi6h@sphinn.com
Leighton,Le Borgne,Aymara,lleborgne6i@msu.edu
Dela,Sidebotton,Swahili,dsidebotton6j@homestead.com
Carilyn,Craggs,West Frisian,ccraggs6k@furl.net
Alejandrina,Voyce,Albanian,avoyce6l@thetimes.co.uk
Noach,Newing,Romanian,nnewing6m@diigo.com
Georgianna,Filov,Swati,gfilov6n@eventbrite.com
Abba,Vallentin,Kyrgyz,avallentin6o@flavors.me
Justin,Warder,Irish Gaelic,jwarder6p@washington.edu
Kingston,Beeson,Tok Pisin,kbeeson6q@tinypic.com
Lolly,Scotfurth,Khmer,lscotfurth6r@networksolutions.com
Moises,Cranefield,Luxembourgish,mcranefield6s@over-blog.com
Kass,Verdey,Czech,kverdey6t@elegantthemes.com
Rem,Saul,Hebrew,rsaul6u@homestead.com
Nonie,Kuzemka,Aymara,nkuzemka6v@webs.com
Lucien,Petrescu,Persian,lpetrescu6w@devhub.com
Eliza,Itzkov,Kyrgyz,eitzkov6x@webeden.co.uk
Lombard,Biswell,Gujarati,lbiswell6y@woothemes.com
Larissa,Checklin,Marathi,lchecklin6z@hexun.com
Cyrus,Gommowe,Azeri,cgommowe70@eepurl.com
Chloe,Boddymead,Haitian Creole,cboddymead71@homestead.com
Zackariah,Masson,Latvian,zmasson72@angelfire.com
Elnar,Gordon,Tajik,egordon73@nationalgeographic.com
Christel,Hoggins,Afrikaans,choggins74@deviantart.com
Libbey,Glazzard,Bengali,lglazzard75@amazon.de
Lorelle,Sherville,Malay,lsherville76@parallels.com
Esma,Empringham,Tok Pisin,eempringham77@icq.com
Leta,Hylden,Icelandic,lhylden78@dyndns.org
Lia,Eye,Hindi,leye79@sohu.com
Trula,Yakobowitch,Dhivehi,tyakobowitch7a@posterous.com
Kristos,Edinburough,Aymara,kedinburough7b@timesonline.co.uk
Chandler,Vasilmanov,Somali,cvasilmanov7c@elpais.com
Darda,Shadfourth,Kyrgyz,dshadfourth7d@istockphoto.com
Maddie,Miller,Latvian,mmiller7e@creativecommons.org
Doy,Kilgallen,Assamese,dkilgallen7f@businessweek.com
Natty,Draysay,Pashto,ndraysay7g@sogou.com
Son,Cream,Montenegrin,scream7h@hud.gov
Karissa,Hysom,Azeri,khysom7i@yellowbook.com
Gare,Fipp,Greek,gfipp7j@omniture.com
Barny,Perago,Tok Pisin,bperago7k@nymag.com
Beatriz,Lapthorne,Tswana,blapthorne7l@people.com.cn
Butch,Burnall,Hiri Motu,bburnall7m@ameblo.jp
Jessica,Swatheridge,Hungarian,jswatheridge7n@slashdot.org
Gibbie,Alvarado,Dari,galvarado7o@jalbum.net
Cassandry,Taks,Guaraní,ctaks7p@ifeng.com
Gilligan,Czadla,Albanian,gczadla7q@xinhuanet.com
Bertina,Leavold,Dari,bleavold7r@house.gov
Gan,Hause,Dzongkha,ghause7s@example.com
Minette,Butt Gow,Ndebele,mbuttgow7t@ucoz.ru
Clio,Emmanueli,Burmese,cemmanueli7u@pbs.org
Viki,Giotto,Tetum,vgiotto7v@artisteer.com
Nananne,Bartosiak,Haitian Creole,nbartosiak7w@eventbrite.com
Harwilll,Ruscoe,Assamese,hruscoe7x@issuu.com
Rainer,Gumm,Tajik,rgumm7y@mac.com
Brandy,Somes,Lao,bsomes7z@163.com
Taite,Rubrow,Haitian Creole,trubrow80@mediafire.com
Oriana,Bernardos,Indonesian,obernardos81@fc2.com
Ephrem,Shegog,Dhivehi,eshegog82@ezinearticles.com
Laurie,Britto,Nepali,lbritto83@ask.com
Charita,Guerriero,Japanese,cguerriero84@wikipedia.org
Fey,Rowesby,Thai,frowesby85@addtoany.com
Wynn,Varnham,Thai,wvarnham86@europa.eu
Birk,Cowburn,Assamese,bcowburn87@naver.com
Franciskus,McMickan,Tajik,fmcmickan88@g.co
Westbrooke,Mackelworth,Spanish,wmackelworth89@businessinsider.com
Jan,McAulay,Dari,jmcaulay8a@webs.com
Mariejeanne,Fuke,Indonesian,mfuke8b@oracle.com
Goldie,Gamwell,Indonesian,ggamwell8c@samsung.com
Lucila,O'Scollain,Japanese,loscollain8d@netlog.com
Jan,Hurle,Norwegian,jhurle8e@wunderground.com
Annalee,McCue,Telugu,amccue8f@census.gov
Aubry,Lawford,Italian,alawford8g@netscape.com
Antoni,Battman,Bislama,abattman8h@cbc.ca
Cynthie,Whieldon,Punjabi,cwhieldon8i@indiatimes.com
Stanleigh,Joire,Hiri Motu,sjoire8j@last.fm
Starlene,Bruniges,Bosnian,sbruniges8k@naver.com
Rhody,Slavin,Aymara,rslavin8l@indiegogo.com
Troy,Ambrosoni,Catalan,tambrosoni8m@taobao.com
Therese,Ianittello,Oriya,tianittello8n@yale.edu
Karlotta,Jeanes,Punjabi,kjeanes8o@cbc.ca
Othilia,McNeilly,Hebrew,omcneilly8p@cnet.com
Lynea,Voyce,Sotho,lvoyce8q@ow.ly
Brook,Tarr,Norwegian,btarr8r@merriam-webster.com
Carlo,Blaes,Northern Sotho,cblaes8s@sbwire.com
Yale,Keeri,Kashmiri,ykeeri8t@google.it
Kalindi,Blazey,Bulgarian,kblazey8u@plala.or.jp
Barrie,Spearing,Moldovan,bspearing8v@netvibes.com
Remus,Dolder,Khmer,rdolder8w@vk.com
Katerina,Forde,Tsonga,kforde8x@guardian.co.uk
Livia,Schroeder,English,lschroeder8y@soup.io
Greer,Orans,Finnish,gorans8z@hhs.gov
Jayne,Giraudel,English,jgiraudel90@wikimedia.org
Oren,Pointer,Bulgarian,opointer91@mozilla.org
Leticia,Padberry,Finnish,lpadberry92@mayoclinic.com
Charlotte,Liger,Malagasy,cliger93@wordpress.com
Donnajean,Wiltshire,Bengali,dwiltshire94@independent.co.uk
Crichton,Carlett,Greek,ccarlett95@google.nl
Rori,Girardin,Assamese,rgirardin96@paginegialle.it
Margaretta,Madgin,Azeri,mmadgin97@geocities.com
See,Habercham,Tswana,shabercham98@macromedia.com
Markus,Corbett,Amharic,mcorbett99@wufoo.com
Giovanni,Loghan,Georgian,gloghan9a@ning.com
Kerwin,Cheevers,Malayalam,kcheevers9b@va.gov
Sybille,Gabits,Tamil,sgabits9c@twitpic.com
Stirling,Perfect,Fijian,sperfect9d@yellowpages.com
Lorilee,Eddington,Arabic,leddington9e@paypal.com
Murvyn,McPhate,Assamese,mmcphate9f@forbes.com
Kally,Sellner,Dutch,ksellner9g@chicagotribune.com
Norry,Siemens,Fijian,nsiemens9h@liveinternet.ru
Melloney,Barzen,Catalan,mbarzen9i@cdbaby.com
Baxy,Evershed,Malayalam,bevershed9j@usnews.com
Yorke,d'Arcy,Catalan,ydarcy9k@cloudflare.com
Cordie,Lambole,Haitian Creole,clambole9l@nytimes.com
Mathian,Gunthorpe,Hindi,mgunthorpe9m@home.pl
Rawley,Tabourel,Lithuanian,rtabourel9n@stumbleupon.com
Dalston,Sidwick,Thai,dsidwick9o@goo.gl
Gerty,Patsall,Korean,gpatsall9p@xing.com
Winfred,Argrave,Dari,wargrave9q@360.cn
Esmeralda,Sennett,Irish Gaelic,esennett9r@mysql.com
Asher,Crookshanks,Indonesian,acrookshanks9s@printfriendly.com
Krysta,Cashley,Guaraní,kcashley9t@icio.us
Jock,Davley,Burmese,jdavley9u@cbslocal.com
Shel,McCombe,Czech,smccombe9v@patch.com
Bobby,Bush,Oriya,bbush9w@oracle.com
Javier,Knappe,Gagauz,jknappe9x@usgs.gov
Adina,Fellow,Dzongkha,afellow9y@java.com
Ambros,Spinozzi,Oriya,aspinozzi9z@webmd.com
Tan,Kerfod,Afrikaans,tkerfoda0@51.la
Allina,Fernley,Mongolian,afernleya1@apple.com
Krystalle,Whitbread,Dhivehi,kwhitbreada2@blinklist.com
Brina,Holdren,Danish,bholdrena3@dagondesign.com
Werner,Gunningham,Oriya,wgunninghama4@ft.com
Leland,Dobey,Danish,ldobeya5@yolasite.com
Mahalia,Semorad,Pashto,msemorada6@buzzfeed.com
Alexi,Sam,Tajik,asama7@aboutads.info
Thalia,Pagelsen,Spanish,tpagelsena8@kickstarter.com
Chrissy,Greatrex,French,cgreatrexa9@skyrock.com
De witt,Alkin,Maltese,dalkinaa@guardian.co.uk
Lisette,Ramsdale,Bulgarian,lramsdaleab@noaa.gov
Dolph,Hugh,Punjabi,dhughac@free.fr
Kenton,Jewar,Telugu,kjewarad@omniture.com
Ketti,Baynard,Lao,kbaynardae@icio.us
Manya,Kitchenman,Assamese,mkitchenmanaf@ftc.gov
Natal,Dron,Lithuanian,ndronag@google.nl
Datha,Dealy,Icelandic,ddealyah@europa.eu
Devin,Casham,Telugu,dcashamai@cbsnews.com
Reade,Cumpton,Danish,rcumptonaj@thetimes.co.uk
Lutero,Rosten,Amharic,lrostenak@comsenz.com
Kit,Jarrel,Czech,kjarrelal@yellowbook.com
Minetta,Chadbourne,Gujarati,mchadbourneam@adobe.com
Ignacio,Binnes,Kashmiri,ibinnesan@360.cn
Keelia,Planks,Filipino,kplanksao@shareasale.com
Nance,Doudny,Yiddish,ndoudnyap@storify.com
Livy,Lavall,Estonian,llavallaq@arstechnica.com
Pandora,Beetham,Romanian,pbeethamar@nyu.edu
Heidi,Coulthart,Punjabi,hcoulthartas@fastcompany.com
Hillyer,Pattisson,Macedonian,hpattissonat@cafepress.com
Marina,Raubheim,Croatian,mraubheimau@netlog.com
Seana,Daintier,Dzongkha,sdaintierav@sfgate.com
Scot,Levitt,Amharic,slevittaw@shinystat.com
Christina,Parnham,Assamese,cparnhamax@europa.eu
Tommie,Pascho,Tsonga,tpaschoay@nature.com
Armando,Cookney,German,acookneyaz@furl.net
Celka,Hallifax,Zulu,challifaxb0@miibeian.gov.cn
Novelia,Hazleton,French,nhazletonb1@myspace.com
Donny,Navarijo,Mongolian,dnavarijob2@wisc.edu
Chery,Arni,Tamil,carnib3@japanpost.jp
Meridel,Castagno,Maltese,mcastagnob4@google.ca
Germaine,Fadian,Quechua,gfadianb5@merriam-webster.com
Ella,Redsell,Dhivehi,eredsellb6@pbs.org
Sigismundo,Ellershaw,Tamil,sellershawb7@usa.gov
Vasily,Plumbley,Filipino,vplumbleyb8@wiley.com
Bren,Balsillie,Tsonga,bbalsillieb9@dion.ne.jp
Darbee,Abbott,Montenegrin,dabbottba@webnode.com
Kellia,Belf,Burmese,kbelfbb@yale.edu
Rayna,Kitcher,Norwegian,rkitcherbc@oakley.com
Tyrus,Bilbey,Norwegian,tbilbeybd@twitter.com
Nichole,Schubuser,Albanian,nschubuserbe@marriott.com
Edi,Muris,Dzongkha,emurisbf@bloglovin.com
Allegra,Burfield,Tetum,aburfieldbg@vimeo.com
Scottie,Penhaligon,German,spenhaligonbh@purevolume.com
Maurits,Gonnel,Zulu,mgonnelbi@jimdo.com
Rozamond,Dahle,Bislama,rdahlebj@woothemes.com
Loren,Scones,Swahili,lsconesbk@bloomberg.com
Merrill,Root,Icelandic,mrootbl@about.me
Niel,Lindenfeld,Dari,nlindenfeldbm@people.com.cn
Florrie,Baggiani,Dhivehi,fbaggianibn@twitpic.com
Caryn,Ballston,Telugu,cballstonbo@weather.com
Dionysus,Gimenez,Kannada,dgimenezbp@drupal.org
Abie,Braybrooks,Punjabi,abraybrooksbq@mapy.cz
Kara,Whelband,Azeri,kwhelbandbr@loc.gov
Shayne,Jeeks,Thai,sjeeksbs@washington.edu
Finn,Fochs,Danish,ffochsbt@biglobe.ne.jp
Barrett,Beardow,Nepali,bbeardowbu@e-recht24.de
Adore,VanBrugh,Yiddish,avanbrughbv@bloomberg.com
Dianna,Aylesbury,Swahili,daylesburybw@ca.gov
Petronille,Zold,Zulu,pzoldbx@issuu.com
Timmie,Shawley,Belarusian,tshawleyby@xinhuanet.com
Ailis,Borlease,Catalan,aborleasebz@so-net.ne.jp
Em,Stothard,Punjabi,estothardc0@abc.net.au
Fletch,Joreau,Czech,fjoreauc1@mac.com
Jamill,Castagnone,New Zealand Sign Language,jcastagnonec2@acquirethisname.com
Pablo,Edington,Armenian,pedingtonc3@people.com.cn
Ichabod,Vallens,Somali,ivallensc4@vistaprint.com
Sylvia,Lindgren,Dutch,slindgrenc5@intel.com
Rene,Pethick,Hungarian,rpethickc6@a8.net
Geralda,Louder,Moldovan,glouderc7@163.com
Hollie,Ninnis,Malayalam,hninnisc8@flavors.me
Luciana,Doppler,Kyrgyz,ldopplerc9@skype.com
Benedick,Purveys,Estonian,bpurveysca@columbia.edu
Gelya,Barron,Latvian,gbarroncb@utexas.edu
Lanie,Wildman,Swahili,lwildmancc@yolasite.com
Cory,Gyngyll,Dutch,cgyngyllcd@technorati.com
Ranee,McCaffery,Czech,rmccafferyce@chron.com
Dewitt,Manus,Catalan,dmanuscf@businessweek.com
Giff,Richt,Kannada,grichtcg@reverbnation.com
Jacobo,Dyble,Greek,jdyblech@imgur.com
Cairistiona,Shortland,Bosnian,cshortlandci@unicef.org
Eolanda,Gibberd,Maltese,egibberdcj@boston.com
Sydel,Gregg,German,sgreggck@bloomberg.com
Magdalen,Suscens,Georgian,msuscenscl@latimes.com
Hatty,Newbery,Indonesian,hnewberycm@statcounter.com
Sharl,Gullefant,Korean,sgullefantcn@github.io
Shayne,Briddle,Albanian,sbriddleco@cbsnews.com
Clarita,Dolohunty,Maltese,cdolohuntycp@stanford.edu
Meriel,Mulvin,Kazakh,mmulvincq@disqus.com
Dan,Kiloh,Northern Sotho,dkilohcr@mit.edu
Kary,Chaman,Tajik,kchamancs@blogspot.com
Arden,Witten,Japanese,awittenct@biblegateway.com
Eilis,Souza,Macedonian,esouzacu@ocn.ne.jp
Levin,Dancey,Finnish,ldanceycv@theglobeandmail.com
Donaugh,Glencrash,Italian,dglencrashcw@friendfeed.com
Cullan,Blumsom,Moldovan,cblumsomcx@abc.net.au
Georgianne,Matkovic,Marathi,gmatkoviccy@quantcast.com
Rube,Gunda,Polish,rgundacz@eventbrite.com
Milissent,Jewise,Filipino,mjewised0@prnewswire.com
Arlene,Hanbridge,Tamil,ahanbridged1@acquirethisname.com
Waneta,Worlock,Malay,wworlockd2@prnewswire.com
Thurston,Burtt,Punjabi,tburttd3@elegantthemes.com
Levy,Antal,Aymara,lantald4@macromedia.com
Thomasa,Knight,Malagasy,tknightd5@opensource.org
Anica,Santore,Korean,asantored6@bluehost.com
Salli,Duffill,Zulu,sduffilld7@fc2.com
Bridgette,Claydon,Māori,bclaydond8@cpanel.net
Maurizia,Foard,New Zealand Sign Language,mfoardd9@spiegel.de
Eben,Skain,Italian,eskainda@state.tx.us
Eddy,McCrudden,Quechua,emccruddendb@unesco.org
Archy,Bunclark,Bulgarian,abunclarkdc@bing.com
Alvan,Borth,Danish,aborthdd@nhs.uk
Birch,Logie,Malayalam,blogiede@who.int
Clayson,Van Der Vlies,Finnish,cvandervliesdf@wikimedia.org
Sargent,Lahiff,Tamil,slahiffdg@is.gd
Dominik,Dadge,Dhivehi,ddadgedh@discuz.net
Kippar,Libbe,Bislama,klibbedi@dion.ne.jp
Forest,Hornig,English,fhornigdj@domainmarket.com
Jermaine,Kleehuhler,Gujarati,jkleehuhlerdk@constantcontact.com
Keely,Pardoe,Telugu,kpardoedl@homestead.com
Reena,Pirrone,Kashmiri,rpirronedm@surveymonkey.com
Sharlene,Phelipeaux,Persian,sphelipeauxdn@blog.com
Garold,Hawker,Marathi,ghawkerdo@weather.com
Massimo,Dolling,Georgian,mdollingdp@simplemachines.org
Darcie,Wrintmore,Bengali,dwrintmoredq@engadget.com
Nicko,Ketts,Hiri Motu,nkettsdr@exblog.jp
Pietrek,Bodham,Czech,pbodhamds@phpbb.com
Scarlet,Garvagh,Guaraní,sgarvaghdt@cloudflare.com
Hyman,Rasell,Estonian,hraselldu@twitter.com
Dolly,Erwin,Nepali,derwindv@typepad.com
Lisha,Brittle,Assamese,lbrittledw@ameblo.jp
Keven,Markwick,Dzongkha,kmarkwickdx@blinklist.com
Lida,Feasby,Afrikaans,lfeasbydy@census.gov
Estrella,Reihm,Azeri,ereihmdz@godaddy.com
Catherina,Coate,Marathi,ccoatee0@umich.edu
Keriann,Coggen,Albanian,kcoggene1@istockphoto.com
Ernestus,Di Giorgio,Thai,edigiorgioe2@artisteer.com
Dimitry,Marciskewski,Spanish,dmarciskewskie3@apache.org
Vanya,Laraway,Georgian,vlarawaye4@123-reg.co.uk
Gallard,Lomis,Japanese,glomise5@nasa.gov
Jacquelyn,Linnit,Haitian Creole,jlinnite6@storify.com
Frankie,Bartusek,Romanian,fbartuseke7@naver.com
Ellene,Packington,Dari,epackingtone8@hp.com
Mariska,Walmsley,Kyrgyz,mwalmsleye9@wikimedia.org
Bellina,Spawton,Filipino,bspawtonea@bloomberg.com
Brodie,Neilly,Papiamento,bneillyeb@friendfeed.com
Helli,Routham,Tsonga,hrouthamec@admin.ch
Pascal,Kindleysides,Armenian,pkindleysidesed@pen.io
Garry,Chretien,Northern Sotho,gchretienee@goo.ne.jp
Luella,Kollach,Malayalam,lkollachef@java.com
Janessa,Bairnsfather,Assamese,jbairnsfathereg@elpais.com
Kessia,Blaisdell,Kannada,kblaisdelleh@chron.com
Kimberly,Reicherz,Hindi,kreicherzei@earthlink.net
Bondy,Roisen,Catalan,broisenej@taobao.com
Loreen,Battill,Norwegian,lbattillek@eventbrite.com
Ava,MacCarrane,Aymara,amaccarraneel@stumbleupon.com
Brinn,Ganley,Kyrgyz,bganleyem@hexun.com
Graham,Verman,Malagasy,gvermanen@slate.com
Tatum,Breznovic,Thai,tbreznoviceo@dell.com
Any,MacGilfoyle,Moldovan,amacgilfoyleep@odnoklassniki.ru
Coleen,Behling,Danish,cbehlingeq@gov.uk
Giulia,Lukasik,Japanese,glukasiker@macromedia.com
Theodoric,Hansberry,Oriya,thansberryes@microsoft.com
Staffard,Shallo,Bosnian,sshalloet@yale.edu
Herrick,Adamik,Kyrgyz,hadamikeu@huffingtonpost.com
Vannie,Trodden,Dutch,vtroddenev@shop-pro.jp
Kris,Cessford,Mongolian,kcessfordew@paypal.com
Corabel,Shireff,Kazakh,cshireffex@house.gov
Harmony,Sandon,Pashto,hsandoney@ibm.com
Elsy,Lawrenz,Icelandic,elawrenzez@dyndns.org
Nollie,Niave,Māori,nniavef0@nydailynews.com
Iain,Kennedy,Moldovan,ikennedyf1@nature.com
Noami,Wrout,Tamil,nwroutf2@adobe.com
Heindrick,Roxbee,Moldovan,hroxbeef3@ebay.co.uk
Charisse,Amiable,Montenegrin,camiablef4@state.gov
Darrel,Lerner,Yiddish,dlernerf5@geocities.jp
Aggy,Gartery,German,agarteryf6@xrea.com
Dody,MacIlory,Oriya,dmaciloryf7@clickbank.net
Simona,Joll,Swahili,sjollf8@japanpost.jp
Mignonne,Fassbender,Arabic,mfassbenderf9@newsvine.com
Zane,Scough,Bosnian,zscoughfa@sitemeter.com
Jolene,Grimley,Bislama,jgrimleyfb@statcounter.com
Lian,Goodison,Lithuanian,lgoodisonfc@walmart.com
Jamison,Canti,German,jcantifd@w3.org
Dorelia,Lant,New Zealand Sign Language,dlantfe@google.com.br
Kristy,McWhirter,Tetum,kmcwhirterff@sohu.com
Carlyle,Clubley,Macedonian,cclubleyfg@canalblog.com
Trudy,Freeman,Moldovan,tfreemanfh@fda.gov
Jacinta,Oliphant,Malagasy,joliphantfi@gmpg.org
Gerry,Thrower,Belarusian,gthrowerfj@cnet.com
Aurelia,Grigorio,Portuguese,agrigoriofk@nytimes.com
Fields,Capstack,Khmer,fcapstackfl@yale.edu
Adriano,Standring,Aymara,astandringfm@china.com.cn
Dianne,Cornfield,Greek,dcornfieldfn@csmonitor.com
Lamar,Hartzog,Armenian,lhartzogfo@edublogs.org
Melli,Mushet,Kyrgyz,mmushetfp@nymag.com
Rasia,Woltering,Bislama,rwolteringfq@ezinearticles.com
Mikey,Upcott,Moldovan,mupcottfr@nytimes.com
Hi,Cossom,Aymara,hcossomfs@springer.com
Stacy,Caldayrou,Bengali,scaldayrouft@accuweather.com
Catina,Waplington,English,cwaplingtonfu@dagondesign.com
Karlik,Bramsen,Yiddish,kbramsenfv@shutterfly.com
Purcell,O'Logan,Georgian,pologanfw@noaa.gov
Desmund,Gianetti,Lithuanian,dgianettifx@marriott.com
Maggi,Abramof,Swedish,mabramoffy@gizmodo.com
Hugh,Kerrod,Arabic,hkerrodfz@woothemes.com
Annalise,Dradey,Tsonga,adradeyg0@stumbleupon.com
Antone,Amdohr,Telugu,aamdohrg1@etsy.com
Allison,Slucock,Aymara,aslucockg2@redcross.org
Chery,Banaszewski,Gujarati,cbanaszewskig3@nbcnews.com
Athene,Franceschino,Tajik,afranceschinog4@dailymotion.com
Naomi,Le Quesne,Afrikaans,nlequesneg5@homestead.com
Willi,Elecum,Dhivehi,welecumg6@cpanel.net
Malissia,Jessel,Thai,mjesselg7@jiathis.com
Lynette,Smitten,Guaraní,lsmitteng8@dagondesign.com
Lori,Grieger,Chinese,lgriegerg9@sciencedirect.com
Batsheva,Island,Hebrew,bislandga@live.com
Malinde,Shory,Papiamento,mshorygb@biglobe.ne.jp
Gale,Shoutt,Macedonian,gshouttgc@ask.com
Alejandrina,Dedman,Lao,adedmangd@myspace.com
Jarrid,Geistbeck,Polish,jgeistbeckge@sciencedirect.com
Zedekiah,Blacket,Guaraní,zblacketgf@businessinsider.com
Richard,Aaronsohn,Sotho,raaronsohngg@china.com.cn
Natale,Carme,Gagauz,ncarmegh@google.com.br
Thorstein,Hearn,Pashto,thearngi@statcounter.com
Wat,Skerritt,Nepali,wskerrittgj@tumblr.com
Carleton,Baggarley,New Zealand Sign Language,cbaggarleygk@amazon.co.uk
Bernette,Furness,Gujarati,bfurnessgl@studiopress.com
Zilvia,Sikora,Tetum,zsikoragm@wordpress.com
Lanni,Seeborne,Moldovan,lseebornegn@cnet.com
Daphna,D' Angelo,Korean,ddangelogo@va.gov
Lorine,O' Donohoe,Haitian Creole,lodonohoegp@go.com
Marya,Billes,French,mbillesgq@biglobe.ne.jp
Richie,Gadie,Norwegian,rgadiegr@last.fm
Avrit,Bock,Norwegian,abockgs@eepurl.com
Leisha,Atwel,Malagasy,latwelgt@reddit.com
Rufus,Starten,Khmer,rstartengu@mapquest.com
Wildon,Vickery,Hebrew,wvickerygv@taobao.com
Devi,Gendricke,Italian,dgendrickegw@mozilla.org
Trescha,Culwen,Irish Gaelic,tculwengx@elpais.com
Roberto,Duggon,Macedonian,rduggongy@angelfire.com
Flemming,Attwoull,Bislama,fattwoullgz@chronoengine.com
Estrella,Valance,Tok Pisin,evalanceh0@sina.com.cn
Ruthanne,Raubenheim,Czech,rraubenheimh1@usnews.com
Gard,Franzoli,Tswana,gfranzolih2@shop-pro.jp
Myrtie,Fransewich,Northern Sotho,mfransewichh3@odnoklassniki.ru
Brice,Thorp,Dzongkha,bthorph4@bbc.co.uk
Colette,McCarle,Belarusian,cmccarleh5@canalblog.com
Paxton,Cridland,Hiri Motu,pcridlandh6@hugedomains.com
Thorny,Olesen,Papiamento,tolesenh7@devhub.com
Marijo,Veazey,Persian,mveazeyh8@marriott.com
Killy,Giacobo,Bosnian,kgiacoboh9@tumblr.com
Jerrine,Narramore,Indonesian,jnarramoreha@i2i.jp
Sharline,Antos,Māori,santoshb@t.co
Jobi,Netley,West Frisian,jnetleyhc@photobucket.com
Adan,Pollicote,Dhivehi,apollicotehd@etsy.com
Danika,Ableson,Japanese,dablesonhe@dedecms.com
Lynette,Lacroux,Hebrew,llacrouxhf@nature.com
Haywood,Thicking,Tajik,hthickinghg@dell.com
Baryram,Habeshaw,Gujarati,bhabeshawhh@bizjournals.com
Nickie,De Biasio,Dari,ndebiasiohi@sciencedirect.com
Ed,Aviss,Dutch,eavisshj@buzzfeed.com
Crawford,Traice,Swahili,ctraicehk@pcworld.com
Aila,Fearnall,Bosnian,afearnallhl@eventbrite.com
Evvy,Thaxton,Belarusian,ethaxtonhm@nydailynews.com
Drew,Rowet,Tamil,drowethn@washingtonpost.com
Celia,Roydon,Swati,croydonho@godaddy.com
Berkie,Northgraves,Arabic,bnorthgraveshp@nymag.com
Thurston,Clair,Assamese,tclairhq@chronoengine.com
Alexandre,Magwood,Sotho,amagwoodhr@free.fr
Adan,Fike,Dhivehi,afikehs@so-net.ne.jp
Nonie,De Leek,Azeri,ndeleekht@cnn.com
Manuel,Dunstone,Dutch,mdunstonehu@tripod.com
Mirna,Jacobovitch,Latvian,mjacobovitchhv@wordpress.com
Farleigh,Lapidus,Korean,flapidushw@ftc.gov
Read,Leyrroyd,Danish,rleyrroydhx@skyrock.com
Phoebe,Terbrug,Hebrew,pterbrughy@privacy.gov.au
Todd,Meffin,Italian,tmeffinhz@comcast.net
Magdaia,Cowlard,Khmer,mcowlardi0@bloglines.com
Brittne,Beeble,Albanian,bbeeblei1@epa.gov
Wilbert,Chalice,Gagauz,wchalicei2@symantec.com
Margaux,Teeney,German,mteeneyi3@scribd.com
Bridie,Crab,Norwegian,bcrabi4@ycombinator.com
Rock,Nayshe,Afrikaans,rnayshei5@tripod.com
Jermain,Orrell,Swahili,jorrelli6@unc.edu
Berenice,Piecha,Thai,bpiechai7@posterous.com
Mariette,Bishell,New Zealand Sign Language,mbishelli8@japanpost.jp
Wade,Shilstone,Norwegian,wshilstonei9@example.com
Frannie,Naul,Tsonga,fnaulia@odnoklassniki.ru
Valentin,Sharplin,Aymara,vsharplinib@1und1.de
Pepe,Dossettor,Indonesian,pdossettoric@freewebs.com
Angela,Monier,Estonian,amonierid@examiner.com
Camilla,Banthorpe,Kyrgyz,cbanthorpeie@linkedin.com
Opalina,Painten,Māori,opaintenif@oaic.gov.au
Duke,Charity,Mongolian,dcharityig@accuweather.com
Dina,Gaskarth,Korean,dgaskarthih@tuttocitta.it
Derrick,Anwell,Swati,danwellii@mit.edu
Kayley,McSporrin,English,kmcsporrinij@home.pl
Noll,Tolemache,Finnish,ntolemacheik@multiply.com
Haskel,Gorke,Punjabi,hgorkeil@marriott.com
Pippy,Corder,Portuguese,pcorderim@hibu.com
Jase,Moehler,Guaraní,jmoehlerin@statcounter.com
Paddy,Sherrington,Hungarian,psherringtonio@spiegel.de
Jennee,Kennea,Northern Sotho,jkenneaip@bravesites.com
Liam,Cellone,Malay,lcelloneiq@zimbio.com
Lethia,Armatage,Quechua,larmatageir@redcross.org
Augusta,Stockow,Portuguese,astockowis@mapquest.com
Fredia,Armitage,Māori,farmitageit@cbslocal.com
Celene,Wixon,Haitian Creole,cwixoniu@jigsy.com
Geno,Sawl,Malay,gsawliv@si.edu
Arv,Bartolic,Fijian,abartoliciw@mit.edu
Evaleen,Ishaki,Filipino,eishakiix@lycos.com
Dottie,Cowpertwait,Malagasy,dcowpertwaitiy@comsenz.com
Barbette,Hopewell,Guaraní,bhopewelliz@cnet.com
Juli,Vennings,Thai,jvenningsj0@google.ru
Gillie,Benjamin,Amharic,gbenjaminj1@cloudflare.com
Emmey,Wynrahame,Gagauz,ewynrahamej2@prlog.org
Kata,Disney,Khmer,kdisneyj3@goo.gl
Joscelin,Blyden,Indonesian,jblydenj4@creativecommons.org
Allegra,Batterton,Yiddish,abattertonj5@virginia.edu
Theodosia,Cisson,Maltese,tcissonj6@usatoday.com
Mitzi,Dinjes,Arabic,mdinjesj7@slate.com
Phillida,Blaasch,Tok Pisin,pblaaschj8@engadget.com
Trey,Woodworth,Mongolian,twoodworthj9@ifeng.com
Clifford,Matches,Bislama,cmatchesja@ustream.tv
Brendon,Mathys,Catalan,bmathysjb@hhs.gov
Alma,Foxton,Aymara,afoxtonjc@wsj.com
Rachele,Loker,Punjabi,rlokerjd@squarespace.com
Irv,Ferrige,Persian,iferrigeje@phpbb.com
Drucie,Dedney,Tswana,ddedneyjf@economist.com
Carroll,Longman,Icelandic,clongmanjg@ow.ly
Chere,Tomich,New Zealand Sign Language,ctomichjh@auda.org.au
Rich,Timothy,Somali,rtimothyji@cnn.com
Sherrie,Petett,Dhivehi,spetettjj@oaic.gov.au
Horatius,Gable,Quechua,hgablejk@cmu.edu
Carlie,Sedworth,Papiamento,csedworthjl@jugem.jp
Shandeigh,Shawdforth,Punjabi,sshawdforthjm@earthlink.net
Allsun,Bolton,Persian,aboltonjn@theguardian.com
Annecorinne,Messenbird,Tswana,amessenbirdjo@4shared.com
Lucian,Long,English,llongjp@ifeng.com
Jonathan,Gumme,Hindi,jgummejq@wunderground.com
Leslie,Martygin,Hebrew,lmartyginjr@cargocollective.com
Ardelle,Regina,Marathi,areginajs@fotki.com
Anni,O'Devey,West Frisian,aodeveyjt@webs.com
Antonino,Attock,Northern Sotho,aattockju@timesonline.co.uk
Shurlocke,Wooffinden,Maltese,swooffindenjv@hatena.ne.jp
Aldis,Sawkin,Estonian,asawkinjw@addtoany.com
Sheela,Carlsson,Afrikaans,scarlssonjx@army.mil
Parrnell,Casham,Bislama,pcashamjy@craigslist.org
Ruttger,Dossett,Telugu,rdossettjz@pagesperso-orange.fr
Jessy,Wathan,New Zealand Sign Language,jwathank0@patch.com
Amalea,Gylle,Somali,agyllek1@umn.edu
Gun,Ghilardini,Kyrgyz,gghilardinik2@weebly.com
Ezri,Attfield,Zulu,eattfieldk3@networkadvertising.org
Karylin,Huc,Croatian,khuck4@livejournal.com
Lona,Von Hindenburg,Swati,lvonhindenburgk5@va.gov
Michaeline,Chance,Armenian,mchancek6@dagondesign.com
Caddric,Dron,Kannada,cdronk7@sina.com.cn
Theodora,Pinard,Swati,tpinardk8@kickstarter.com
Emmey,Patridge,Portuguese,epatridgek9@army.mil
Lettie,Nand,Kannada,lnandka@goodreads.com
Lurleen,Hillen,Sotho,lhillenkb@ibm.com
Ofella,Newband,Amharic,onewbandkc@youtu.be
Dael,Mattaus,Gagauz,dmattauskd@toplist.cz
Herbert,di Rocca,Burmese,hdiroccake@google.ru
Linea,Okker,Tok Pisin,lokkerkf@icio.us
Tedd,Tomasini,Czech,ttomasinikg@istockphoto.com
Nerita,Butterley,Polish,nbutterleykh@cam.ac.uk
Madonna,Hadwick,Romanian,mhadwickki@youku.com
Ashton,Lissandri,Luxembourgish,alissandrikj@naver.com
Philippa,Etchells,Bislama,petchellskk@1688.com
Faye,Hubbert,Bengali,fhubbertkl@nationalgeographic.com
Nolan,Chaudrelle,Guaraní,nchaudrellekm@networksolutions.com
Jo ann,Angrock,Belarusian,jangrockkn@storify.com
Alia,Larkby,Khmer,alarkbyko@php.net
Tait,MacGille,Spanish,tmacgillekp@addthis.com
Juanita,Drugan,Swahili,jdrugankq@xrea.com
Ethel,Dewfall,Fijian,edewfallkr@zimbio.com
Bartram,Mell,Moldovan,bmellks@eventbrite.com
Christyna,Simkiss,Polish,csimkisskt@reverbnation.com
Amandie,Chevolleau,Dzongkha,achevolleauku@youtube.com
Katee,Elvins,Macedonian,kelvinskv@seattletimes.com
Alastair,Le Sarr,Japanese,alesarrkw@last.fm
Bald,Langlais,Gagauz,blanglaiskx@tuttocitta.it
Perren,Moyer,Afrikaans,pmoyerky@netscape.com
Samantha,Rominov,Finnish,srominovkz@tumblr.com
Robbert,McGarrahan,Hebrew,rmcgarrahanl0@devhub.com
Devi,Fowley,Romanian,dfowleyl1@bbc.co.uk
Shalna,Dolby,Bengali,sdolbyl2@oakley.com
Peggi,Albury,Montenegrin,palburyl3@posterous.com
Jocelyne,Lavington,Pashto,jlavingtonl4@guardian.co.uk
Korella,Ivashintsov,Albanian,kivashintsovl5@hubpages.com
Beniamino,Humbey,Dutch,bhumbeyl6@live.com
Odelle,Rangall,Quechua,orangalll7@hibu.com
Dinah,De Paoli,Hungarian,ddepaolil8@about.com
Anatola,Endricci,Dari,aendriccil9@usgs.gov
Dre,Emes,Dhivehi,demesla@constantcontact.com
Carlota,Aldwick,Hindi,caldwicklb@wikia.com
Claiborn,Dingle,Maltese,cdinglelc@linkedin.com
Holt,Malin,Spanish,hmalinld@oaic.gov.au
Jourdan,Shevell,Kannada,jshevellle@dropbox.com
Velvet,Tampin,Hiri Motu,vtampinlf@eventbrite.com
Tarrance,Geard,Northern Sotho,tgeardlg@miibeian.gov.cn
Deerdre,Mathou,Kyrgyz,dmathoulh@blogspot.com
Elinor,Klimmek,Korean,eklimmekli@sun.com
Vina,Arro,Assamese,varrolj@yolasite.com
Dareen,Daysh,Northern Sotho,ddayshlk@seattletimes.com
Nicolea,Beldum,Oriya,nbeldumll@kickstarter.com
Maude,Blaschke,Māori,mblaschkelm@sohu.com
Lemmie,Aron,Tetum,laronln@netlog.com
Homerus,Twiddle,Kyrgyz,htwiddlelo@mail.ru
Rici,Lightman,West Frisian,rlightmanlp@wikimedia.org
Romonda,Stops,Korean,rstopslq@economist.com
Marve,Kopman,Gagauz,mkopmanlr@yellowbook.com
Nicolais,Guyer,Bengali,nguyerls@webmd.com
Pierson,Amos,Norwegian,pamoslt@mac.com
Gnni,Seilmann,Montenegrin,gseilmannlu@gnu.org
Ardyce,Simpson,Tswana,asimpsonlv@wunderground.com
Foss,Frangello,Somali,ffrangellolw@sina.com.cn
Leonelle,Bunclark,Tajik,lbunclarklx@ftc.gov
Cordelie,Bortoli,Tajik,cbortolily@marriott.com
Zarah,Kivelhan,Māori,zkivelhanlz@sciencedaily.com
La verne,Faccini,Catalan,lfaccinim0@netscape.com
Gayler,Hobbema,Tetum,ghobbemam1@google.de
Larina,Darlow,Japanese,ldarlowm2@mlb.com
Rabbi,Copping,Dutch,rcoppingm3@earthlink.net
Alaster,Kilshall,Dhivehi,akilshallm4@japanpost.jp
Gilberte,McLeoid,Hebrew,gmcleoidm5@ehow.com
Laurence,Faust,Hungarian,lfaustm6@163.com
Myrah,Panter,Albanian,mpanterm7@xing.com
Roy,Rignold,Malagasy,rrignoldm8@dropbox.com
Tiertza,Antognazzi,Luxembourgish,tantognazzim9@toplist.cz
Elsbeth,Belli,Persian,ebellima@facebook.com
Lizbeth,Philott,Khmer,lphilottmb@cdbaby.com
Leyla,Salerg,Dari,lsalergmc@house.gov
Gabriell,Carefull,Hungarian,gcarefullmd@domainmarket.com
Burlie,Claughton,Kyrgyz,bclaughtonme@vimeo.com
Madelena,Vogele,Swahili,mvogelemf@multiply.com
Lolita,Grahamslaw,Georgian,lgrahamslawmg@auda.org.au
Klement,Polamontayne,Irish Gaelic,kpolamontaynemh@ucoz.ru
Domingo,Straniero,Khmer,dstranieromi@sciencedaily.com
Charlton,Levecque,Aymara,clevecquemj@homestead.com
Jaquelin,Plumridge,Hindi,jplumridgemk@github.io
Sher,Ockenden,Norwegian,sockendenml@ucsd.edu
Tuckie,Moreman,Papiamento,tmoremanmm@ucla.edu
Bronnie,Thomkins,Romanian,bthomkinsmn@uiuc.edu
Tiffy,Couth,Swedish,tcouthmo@exblog.jp
Rosy,Soots,Irish Gaelic,rsootsmp@scientificamerican.com
Bernette,Strank,Lithuanian,bstrankmq@scientificamerican.com
Robbie,Gallyhaock,Portuguese,rgallyhaockmr@nhs.uk
Emmeline,McDonogh,Yiddish,emcdonoghms@barnesandnoble.com
Emelita,Whithorn,Indonesian,ewhithornmt@columbia.edu
Davita,Valdes,Belarusian,dvaldesmu@hud.gov
Benetta,Lightwing,Japanese,blightwingmv@phpbb.com
Ara,Stiller,Azeri,astillermw@discovery.com
Gwennie,Regelous,Malayalam,gregelousmx@theglobeandmail.com
Vonny,Fleis,Arabic,vfleismy@reference.com
Elita,Kunath,Māori,ekunathmz@umich.edu
Cori,Clarson,Somali,cclarsonn0@xinhuanet.com
Coraline,McEntagart,Pashto,cmcentagartn1@ezinearticles.com
Bald,Merida,Lithuanian,bmeridan2@dion.ne.jp
Radcliffe,Sivier,Danish,rsiviern3@cyberchimps.com
Harlie,Darcy,Swedish,hdarcyn4@google.pl
Ritchie,Flinn,Swedish,rflinnn5@reuters.com
Rois,Brownett,Latvian,rbrownettn6@cnet.com
Merrill,Wardrope,Afrikaans,mwardropen7@facebook.com
Christian,Crampin,Tetum,ccrampinn8@buzzfeed.com
Dru,Southcomb,Zulu,dsouthcombn9@github.com
Antonio,Scase,Tajik,ascasena@economist.com
Toby,Pople,Malayalam,tpoplenb@tumblr.com
Lucais,Cutridge,Khmer,lcutridgenc@tinypic.com
Lilly,Bemwell,Telugu,lbemwellnd@twitter.com
Abram,Wiltshaw,Bulgarian,awiltshawne@independent.co.uk
Reinold,Ganniclifft,Bosnian,rganniclifftnf@dmoz.org
Jenine,Monson,Swedish,jmonsonng@abc.net.au
Gardner,Littleton,Danish,glittletonnh@google.pl
Claudius,Augustus,Georgian,caugustusni@plala.or.jp
Mahmud,Espada,Lao,mespadanj@harvard.edu
Winn,Aubry,Marathi,waubrynk@columbia.edu
Cirstoforo,Schneidar,Tok Pisin,cschneidarnl@squarespace.com
Moria,Habin,Korean,mhabinnm@blogspot.com
Stacia,Faulo,Filipino,sfaulonn@a8.net
Tammy,Bennion,French,tbennionno@rakuten.co.jp
Judith,O'Dwyer,Marathi,jodwyernp@rediff.com
Adriane,Rosenbarg,Lao,arosenbargnq@ed.gov
Rois,Soreau,Dzongkha,rsoreaunr@sitemeter.com
Stafford,Kinder,Marathi,skinderns@freewebs.com
Regina,Ziems,Somali,rziemsnt@scientificamerican.com
Rania,Street,Belarusian,rstreetnu@twitter.com
Jennee,Rosenau,Albanian,jrosenaunv@time.com
Buddy,Dyka,Dari,bdykanw@microsoft.com
Claybourne,Potte,Greek,cpottenx@comcast.net
Reine,Feenan,Georgian,rfeenanny@go.com
Lela,Pasby,Dzongkha,lpasbynz@nymag.com
Raff,Elix,Burmese,relixo0@stumbleupon.com
Torey,Scullion,Punjabi,tsculliono1@prnewswire.com
Madelin,Whillock,Greek,mwhillocko2@163.com
Billie,Hedworth,Bislama,bhedwortho3@geocities.com
Blondell,Raraty,Dzongkha,braratyo4@google.fr
Vito,Wray,Malagasy,vwrayo5@howstuffworks.com
Guillemette,Piper,Swedish,gpipero6@kickstarter.com
Calla,Johnys,Maltese,cjohnyso7@printfriendly.com
Paten,Bromet,Dzongkha,pbrometo8@blogtalkradio.com
Amitie,Bauldry,Zulu,abauldryo9@blog.com
Sydelle,Donoghue,Swedish,sdonoghueoa@miitbeian.gov.cn
Carley,Plenderleith,Macedonian,cplenderleithob@nasa.gov
Miran,Danieli,Telugu,mdanielioc@goo.ne.jp
Kienan,O'Heneghan,Azeri,koheneghanod@flickr.com
Jessie,Nind,Khmer,jnindoe@ezinearticles.com
Cad,Plank,Bulgarian,cplankof@icq.com
Mathew,Claire,Czech,mclaireog@princeton.edu
Windham,Luten,Afrikaans,wlutenoh@devhub.com
Archer,Burnyate,Danish,aburnyateoi@elpais.com
Deck,Matthessen,Telugu,dmatthessenoj@marketwatch.com
Freddy,Morrish,Telugu,fmorrishok@yahoo.com
Marcelia,Ternouth,Korean,mternouthol@state.gov
Jerrie,Vitet,Oriya,jvitetom@ted.com
Brnaba,Weafer,Kazakh,bweaferon@hc360.com
Raimund,Caney,Arabic,rcaneyoo@ocn.ne.jp
Klemens,McCrone,Hungarian,kmccroneop@free.fr
Cordy,Style,Hebrew,cstyleoq@barnesandnoble.com
Yvor,Beggi,Kyrgyz,ybeggior@shop-pro.jp
Joshia,Reston,Armenian,jrestonos@free.fr
Teri,Truswell,Moldovan,ttruswellot@wsj.com
Erica,Erdis,Montenegrin,eerdisou@github.io
Eric,Nisard,Hindi,enisardov@ftc.gov
Jason,Crickett,French,jcrickettow@amazonaws.com
Jocelyne,Seakin,Fijian,jseakinox@squidoo.com
Ida,Stollman,Thai,istollmanoy@google.com.br
Merrili,Fyrth,Finnish,mfyrthoz@walmart.com
Stephenie,MacGettigen,Kurdish,smacgettigenp0@networksolutions.com
Zelda,Jemison,Korean,zjemisonp1@altervista.org
Sarette,Merrall,Luxembourgish,smerrallp2@blogger.com
Darrell,Laban,Kazakh,dlabanp3@springer.com
Ursulina,Deakin,German,udeakinp4@china.com.cn
Alyce,Mingasson,German,amingassonp5@ameblo.jp
Tisha,Wanless,Malagasy,twanlessp6@artisteer.com
Giovanna,Crimmins,Aymara,gcrimminsp7@marriott.com
Peyton,McLucky,Greek,pmcluckyp8@51.la
Lenora,Wimmer,Dhivehi,lwimmerp9@skype.com
Loralie,Disbrey,Amharic,ldisbreypa@pcworld.com
Kimberli,Empringham,French,kempringhampb@infoseek.co.jp
Chadwick,Axten,Hiri Motu,caxtenpc@friendfeed.com
Darrell,Bassano,Hungarian,dbassanopd@webnode.com
Jud,Griffin,Tok Pisin,jgriffinpe@boston.com
Annetta,Blowfield,Indonesian,ablowfieldpf@sfgate.com
Nancy,Wrightham,Gujarati,nwrighthampg@nasa.gov
Kaela,Baber,Maltese,kbaberph@flickr.com
Rex,Saker,Tetum,rsakerpi@google.ca
Hammad,Alban,Icelandic,halbanpj@bloglovin.com
Isaak,Wheelton,Lao,iwheeltonpk@dailymail.co.uk
Grenville,Scanes,Gagauz,gscanespl@rediff.com
Caterina,Sparey,Japanese,cspareypm@amazon.de
Cati,Trudgian,German,ctrudgianpn@businessweek.com
Melisandra,Amis,Dhivehi,mamispo@uiuc.edu
Dory,Sabin,Malayalam,dsabinpp@psu.edu
Tomkin,Bizley,Bosnian,tbizleypq@usda.gov
Barnabe,Howling,Estonian,bhowlingpr@tinyurl.com
Meier,Reisenberg,Greek,mreisenbergps@storify.com
Erskine,Bittleson,Khmer,ebittlesonpt@is.gd
Hi,Raiment,Polish,hraimentpu@tuttocitta.it
Cleo,Nabbs,Maltese,cnabbspv@wunderground.com
Beryl,Suff,Filipino,bsuffpw@hibu.com
Mureil,Groucock,Amharic,mgroucockpx@pagesperso-orange.fr
Allen,Lorie,West Frisian,aloriepy@rambler.ru
Brigitta,Haly,Zulu,bhalypz@cdc.gov
Helyn,Crambie,Croatian,hcrambieq0@google.it
Lancelot,Capron,Thai,lcapronq1@nytimes.com
Christyna,Galvan,Swahili,cgalvanq2@tripadvisor.com
Arlette,Hazelton,Mongolian,ahazeltonq3@w3.org
Reidar,Beckworth,Moldovan,rbeckworthq4@dropbox.com
Rosalie,Gudahy,Quechua,rgudahyq5@telegraph.co.uk
Natalya,Matysik,Aymara,nmatysikq6@dagondesign.com
Kevyn,Venus,Malay,kvenusq7@istockphoto.com
Udale,Gandley,Hungarian,ugandleyq8@npr.org
Kendre,Nursey,Dutch,knurseyq9@cornell.edu
Weider,Coplestone,Gujarati,wcoplestoneqa@skype.com
Mariann,Dewsbury,Oriya,mdewsburyqb@foxnews.com
Launce,Antrack,Oriya,lantrackqc@163.com
Cyrill,Huggon,Quechua,chuggonqd@cargocollective.com
Mack,Bohea,Malagasy,mboheaqe@example.com
Kevina,Mordey,Filipino,kmordeyqf@cocolog-nifty.com
Peyter,Blas,Thai,pblasqg@cbc.ca
Selma,Damiata,Arabic,sdamiataqh@infoseek.co.jp
Carri,Braybrookes,Pashto,cbraybrookesqi@umich.edu
Bianca,Lorenzini,Punjabi,blorenziniqj@360.cn
Sterne,Kubicki,Tok Pisin,skubickiqk@google.ru
Durand,Lambis,Kashmiri,dlambisql@engadget.com
Marjorie,Cowser,Dutch,mcowserqm@merriam-webster.com
Ertha,Singleton,Persian,esingletonqn@addthis.com
Melodie,Mitchelson,Gagauz,mmitchelsonqo@jalbum.net
Wallas,Stickney,Montenegrin,wstickneyqp@godaddy.com
Lynda,Simonassi,Burmese,lsimonassiqq@comsenz.com
Ally,Atwill,Swahili,aatwillqr@reference.com
Luz,Kopecka,Dari,lkopeckaqs@rambler.ru
Fabio,Ludmann,Hiri Motu,fludmannqt@ihg.com
Ethelyn,Ace,Tswana,eacequ@acquirethisname.com
Joella,Lindberg,Korean,jlindbergqv@seesaa.net
Tammy,Solman,Korean,tsolmanqw@liveinternet.ru
Krista,Fairfoull,Japanese,kfairfoullqx@devhub.com
Stern,Burvill,Portuguese,sburvillqy@stanford.edu
Arleyne,Pinney,Persian,apinneyqz@hud.gov
Roch,Panichelli,Khmer,rpanichellir0@java.com
Patrica,Phelip,West Frisian,pphelipr1@g.co
Faun,Rehorek,Macedonian,frehorekr2@unicef.org
Vanda,Rummin,Kannada,vrumminr3@google.it
Valentine,Tissington,New Zealand Sign Language,vtissingtonr4@github.com
Celinka,Catterall,Swedish,ccatterallr5@indiatimes.com
Purcell,Cattemull,Hungarian,pcattemullr6@rakuten.co.jp
Tildi,Magne,Tok Pisin,tmagner7@furl.net
Reinald,Relfe,Arabic,rrelfer8@e-recht24.de
Rayner,Wortley,Hungarian,rwortleyr9@usgs.gov
Cherey,Jess,Spanish,cjessra@statcounter.com
Tanya,MacKerley,Māori,tmackerleyrb@nps.gov
Elnar,Postlethwaite,Tsonga,epostlethwaiterc@eepurl.com
Kristofer,Ughini,Swahili,kughinird@youku.com
Teresa,Bousfield,Irish Gaelic,tbousfieldre@meetup.com
Cristen,Adrien,Tetum,cadrienrf@jalbum.net
Cammy,Hounsham,Azeri,chounshamrg@typepad.com
Gian,Ende,Assamese,genderh@weather.com
Coraline,Youde,West Frisian,cyouderi@umich.edu
Izaak,Learned,Irish Gaelic,ilearnedrj@webeden.co.uk
Kit,Keniwell,Irish Gaelic,kkeniwellrk@reddit.com
Normy,Ducarne,Hindi,nducarnerl@ezinearticles.com
Dev,Yanez,Greek,dyanezrm@themeforest.net
Aubrette,Trenear,Danish,atrenearrn@ftc.gov
Vick,Hazeman,Norwegian,vhazemanro@goo.gl
Cordell,Basketter,Gagauz,cbasketterrp@umn.edu
Jayme,Mantrip,Dzongkha,jmantriprq@springer.com
Portia,Corroyer,Macedonian,pcorroyerrr@php.net
